{
	"info": {
		"_postman_id": "83360cc6-4b47-4568-9878-5d1b44cfb693",
		"name": "Firma",
		"schema": "https://schema.getpostman.com/json/collection/v2.1.0/collection.json"
	},
	"item": [
		{
			"name": "Read Firme",
			"request": {
				"method": "GET",
				"header": [],
				"url": {
					"raw": "https://localhost:44307/Firma/PreuzmiFirme",
					"protocol": "https",
					"host": [
						"localhost"
					],
					"port": "44307",
					"path": [
						"Firma",
						"PreuzmiFirme"
					]
				}
			},
			"response": []
		},
		{
			"name": "Read Firma",
			"request": {
				"method": "GET",
				"header": [],
				"url": {
					"raw": "https://localhost:44307/Firma/PreuzmiFirmu/100234131",
					"protocol": "https",
					"host": [
						"localhost"
					],
					"port": "44307",
					"path": [
						"Firma",
						"PreuzmiFirmu",
						"100234131"
					]
				}
			},
			"response": []
		},
		{
			"name": "Create Firma",
			"request": {
				"method": "POST",
				"header": [],
				"body": {
					"mode": "raw",
					"raw": "{\r\n    \"PIB\": \"123786231\",\r\n    \"naziv\": \"Rudnik Bor\",\r\n    \"adresa\": \"Rudnik u Boru\",\r\n    \"kontaktTelefon\": \"019762788\"\r\n}",
					"options": {
						"raw": {
							"language": "json"
						}
					}
				},
				"url": {
					"raw": "https://localhost:44307/Firma/DodajFirmu",
					"protocol": "https",
					"host": [
						"localhost"
					],
					"port": "44307",
					"path": [
						"Firma",
						"DodajFirmu"
					]
				}
			},
			"response": []
		},
		{
			"name": "Update Firma",
			"request": {
				"method": "PUT",
				"header": [],
				"body": {
					"mode": "raw",
					"raw": "{\r\n    \"PIB\": \"123786231\",\r\n    \"naziv\": \"Zijin Bor Copper\"\r\n}",
					"options": {
						"raw": {
							"language": "json"
						}
					}
				},
				"url": {
					"raw": "https://localhost:44307/Firma/IzmeniFirmu",
					"protocol": "https",
					"host": [
						"localhost"
					],
					"port": "44307",
					"path": [
						"Firma",
						"IzmeniFirmu"
					]
				}
			},
			"response": []
		},
		{
			"name": "Delete Firma",
			"request": {
				"method": "DELETE",
				"header": [],
				"url": {
					"raw": "https://localhost:44307/Firma/ObrisiFirmu/123786231",
					"protocol": "https",
					"host": [
						"localhost"
					],
					"port": "44307",
					"path": [
						"Firma",
						"ObrisiFirmu",
						"123786231"
					]
				}
			},
			"response": []
		},
		{
			"name": "Create Može Da Angažuje",
			"request": {
				"method": "POST",
				"header": [],
				"url": {
					"raw": "https://localhost:44307/Firma/DodajRadSaZatvorskomJedinicom/AAA21/100234131",
					"protocol": "https",
					"host": [
						"localhost"
					],
					"port": "44307",
					"path": [
						"Firma",
						"DodajRadSaZatvorskomJedinicom",
						"AAA21",
						"100234131"
					]
				}
			},
			"response": []
		},
		{
			"name": "Delete Može Da Angažuje",
			"request": {
				"method": "DELETE",
				"header": [],
				"url": {
					"raw": "https://localhost:44307/Firma/RaskiniRadSaZatvorskomJedinicom/AAA21/100234131",
					"protocol": "https",
					"host": [
						"localhost"
					],
					"port": "44307",
					"path": [
						"Firma",
						"RaskiniRadSaZatvorskomJedinicom",
						"AAA21",
						"100234131"
					]
				}
			},
			"response": []
		}
	]
}