{
	"info": {
		"_postman_id": "80388418-556c-45ed-b29e-74ff671b1775",
		"name": "Posećivanje",
		"schema": "https://schema.getpostman.com/json/collection/v2.1.0/collection.json"
	},
	"item": [
		{
			"name": "Get Posećuje",
			"request": {
				"method": "GET",
				"header": [],
				"url": {
					"raw": "https://localhost:44307/Posecuje/PreuzmiPosecuje",
					"protocol": "https",
					"host": [
						"localhost"
					],
					"port": "44307",
					"path": [
						"Posecuje",
						"PreuzmiPosecuje"
					]
				}
			},
			"response": []
		},
		{
			"name": "Get Poseta",
			"protocolProfileBehavior": {
				"disableBodyPruning": true
			},
			"request": {
				"method": "GET",
				"header": [],
				"body": {
					"mode": "raw",
					"raw": "",
					"options": {
						"raw": {
							"language": "json"
						}
					}
				},
				"url": {
					"raw": "https://localhost:44307/Posecuje/PreuzmiPosetu/41",
					"protocol": "https",
					"host": [
						"localhost"
					],
					"port": "44307",
					"path": [
						"Posecuje",
						"PreuzmiPosetu",
						"41"
					]
				}
			},
			"response": []
		},
		{
			"name": "Create Poseta",
			"request": {
				"method": "POST",
				"header": [],
				"body": {
					"mode": "raw",
					"raw": "{\r\n    \"DTPocetka\": \"2021-01-01T16:24\",\r\n    \"dtKraja\": \"2021-01-01T17:24\",\r\n    \"zatvorenik\":{\r\n        \"jmbg\": \"1407988752119\"\r\n    },\r\n    \"advokat\":{\r\n        \"jmbg\": \"1204964525465\"\r\n    }\r\n}",
					"options": {
						"raw": {
							"language": "json"
						}
					}
				},
				"url": {
					"raw": "https://localhost:44307/Posecuje/DodajPosetu",
					"protocol": "https",
					"host": [
						"localhost"
					],
					"port": "44307",
					"path": [
						"Posecuje",
						"DodajPosetu"
					]
				}
			},
			"response": []
		},
		{
			"name": "Update Poseta",
			"request": {
				"method": "PUT",
				"header": [],
				"body": {
					"mode": "raw",
					"raw": "{\r\n    \"id\": 62,\r\n    \"dtPocetka\": \"2021-01-01T16:34:00\",\r\n    \"dtKraja\": \"2021-01-01T17:55:00\"\r\n}",
					"options": {
						"raw": {
							"language": "json"
						}
					}
				},
				"url": {
					"raw": "https://localhost:44307/Posecuje/IzmeniPosetu",
					"protocol": "https",
					"host": [
						"localhost"
					],
					"port": "44307",
					"path": [
						"Posecuje",
						"IzmeniPosetu"
					]
				}
			},
			"response": []
		},
		{
			"name": "Delete Poseta",
			"request": {
				"method": "DELETE",
				"header": [],
				"url": {
					"raw": "https://localhost:44307/Posecuje/ObrisiPosetu/62",
					"protocol": "https",
					"host": [
						"localhost"
					],
					"port": "44307",
					"path": [
						"Posecuje",
						"ObrisiPosetu",
						"62"
					]
				}
			},
			"response": []
		}
	]
}