{
	"info": {
		"_postman_id": "5ee04ad5-cd1e-4e36-aa83-850fafba90e4",
		"name": "Psiholog",
		"schema": "https://schema.getpostman.com/json/collection/v2.1.0/collection.json"
	},
	"item": [
		{
			"name": "Read Psiholozi",
			"request": {
				"method": "GET",
				"header": [],
				"url": {
					"raw": "https://localhost:44307/Psiholog/PreuzmiPsihologe",
					"protocol": "https",
					"host": [
						"localhost"
					],
					"port": "44307",
					"path": [
						"Psiholog",
						"PreuzmiPsihologe"
					]
				}
			},
			"response": []
		},
		{
			"name": "Read Psiholog",
			"request": {
				"method": "GET",
				"header": [],
				"url": {
					"raw": "https://localhost:44307/Psiholog/PreuzmiPsihologa/0509997654312",
					"protocol": "https",
					"host": [
						"localhost"
					],
					"port": "44307",
					"path": [
						"Psiholog",
						"PreuzmiPsihologa",
						"0509997654312"
					]
				}
			},
			"response": []
		},
		{
			"name": "Create Psiholog",
			"request": {
				"method": "POST",
				"header": [],
				"body": {
					"mode": "raw",
					"raw": "{\r\n    \"$id\": \"1\",\r\n    \"jmbg\": \"7656757896542\",\r\n    \"ime\": \"Janica\",\r\n    \"prezime\": \"Jelić\",\r\n    \"pol\": \"Ž\",\r\n    \"radnoMesto\": \"Psiholog\",\r\n    \"datumObukePPZ\": \"2021-03-03T00:00:00\",\r\n    \"radiU\": {\r\n        \"sifra\": \"AAA21\"\r\n    },\r\n    \"datumPocetkaRada\": \"2004-03-03T00:00:00\",\r\n    \"zanimanje\": null,\r\n    \"pozicija\": null,\r\n    \"strucnaSprema\": null,\r\n    \"lpLekar\": \"Marijana Novaković\",\r\n    \"lpDatum\": \"2021-02-12T00:00:00\",\r\n    \"lpNazivUstanove\": \"Vojnomedicinska akademija\",\r\n    \"lpAdresaUstanove\": \"Crnotravska 17, 11000 Beograd\",\r\n    \"sSpecijalizacija\": \"Adolescentna psihijatrija\",\r\n    \"sNazivUstanove\": \"Univerzitet u Beogradu Medicinski fakultet\",\r\n    \"dorvoSifra\": null,\r\n    \"dorvoPolicijskaUprava\": null,\r\n    \"dorvoDatumIzdavanja\": null\r\n}",
					"options": {
						"raw": {
							"language": "json"
						}
					}
				},
				"url": {
					"raw": "https://localhost:44307/Psiholog/DodajPsihologa",
					"protocol": "https",
					"host": [
						"localhost"
					],
					"port": "44307",
					"path": [
						"Psiholog",
						"DodajPsihologa"
					]
				}
			},
			"response": []
		},
		{
			"name": "Update Psiholog",
			"request": {
				"method": "PUT",
				"header": [],
				"body": {
					"mode": "raw",
					"raw": "{\r\n    \"jmbg\": \"7656757896542\",\r\n    \"datumObukePPZ\": \"2021-03-03T00:00:00\",\r\n    \"lpLekar\": \"Marijana Novaković\",\r\n    \"lpDatum\": \"2021-02-12T00:00:00\",\r\n    \"lpNazivUstanove\": \"Vojno-Medicinska Akademija\",\r\n    \"lpAdresaUstanove\": \"Crnotravska 17, 11000 Beograd\",\r\n    \"sSpecijalizacija\": \"Adolescentna psihijatrija\",\r\n    \"sNazivUstanove\": \"Univerzitet u Beogradu Medicinski fakultet\"\r\n}",
					"options": {
						"raw": {
							"language": "json"
						}
					}
				},
				"url": {
					"raw": "https://localhost:44307/Psiholog/IzmeniPsihologa",
					"protocol": "https",
					"host": [
						"localhost"
					],
					"port": "44307",
					"path": [
						"Psiholog",
						"IzmeniPsihologa"
					]
				}
			},
			"response": []
		},
		{
			"name": "Delete Psiholog",
			"request": {
				"method": "DELETE",
				"header": [],
				"url": {
					"raw": "https://localhost:44307/Psiholog/ObrisiPsihologa/7656757896542",
					"protocol": "https",
					"host": [
						"localhost"
					],
					"port": "44307",
					"path": [
						"Psiholog",
						"ObrisiPsihologa",
						"7656757896542"
					]
				}
			},
			"response": []
		}
	]
}