{
	"info": {
		"_postman_id": "a310bc7e-1578-45a8-a999-81925d3bfbd7",
		"name": "Radnik Obezbeđenja",
		"schema": "https://schema.getpostman.com/json/collection/v2.1.0/collection.json"
	},
	"item": [
		{
			"name": "Read Radnici Obezbeđenja",
			"request": {
				"method": "GET",
				"header": [],
				"url": {
					"raw": "https://localhost:44307/Obezbedjenje/PreuzmiObezbedjenje",
					"protocol": "https",
					"host": [
						"localhost"
					],
					"port": "44307",
					"path": [
						"Obezbedjenje",
						"PreuzmiObezbedjenje"
					]
				}
			},
			"response": []
		},
		{
			"name": "Read Radnik Obezbeđenja",
			"request": {
				"method": "GET",
				"header": [],
				"url": {
					"raw": "https://localhost:44307/Obezbedjenje/PreuzmiObezbedjenje/0609974432621",
					"protocol": "https",
					"host": [
						"localhost"
					],
					"port": "44307",
					"path": [
						"Obezbedjenje",
						"PreuzmiObezbedjenje",
						"0609974432621"
					]
				}
			},
			"response": []
		},
		{
			"name": "Create Radnik Obezbeđenja",
			"request": {
				"method": "POST",
				"header": [],
				"body": {
					"mode": "raw",
					"raw": "{\r\n    \"$id\": \"1\",\r\n    \"jmbg\": \"0604432621543\",\r\n    \"ime\": \"Nenad\",\r\n    \"prezime\": \"Nešković\",\r\n    \"pol\": \"M\",\r\n    \"radnoMesto\": \"Radnik obezbeđenja\",\r\n    \"datumObukePPZ\": \"2021-07-19T00:00:00\",\r\n    \"radiU\": {\r\n        \"sifra\": \"AAA21\"\r\n    },\r\n    \"datumPocetkaRada\": \"2012-07-19T00:00:00\",\r\n    \"lpLekar\": \"Marijana Novaković\",\r\n    \"lpDatum\": \"2021-02-12T00:00:00\",\r\n    \"lpNazivUstanove\": \"Vojnomedicinska akademija\",\r\n    \"lpAdresaUstanove\": \"Crnotravska 17, 11000 Beograd\",\r\n    \"dorvoSifra\": \"34HGB789JJ\",\r\n    \"dorvoPolicijskaUprava\": \"Policijska Stanica Savski Venac\",\r\n    \"dorvoDatumIzdavanja\": \"2021-07-19T00:00:00\"\r\n}",
					"options": {
						"raw": {
							"language": "json"
						}
					}
				},
				"url": {
					"raw": "https://localhost:44307/Obezbedjenje/DodajObezbedjenje",
					"protocol": "https",
					"host": [
						"localhost"
					],
					"port": "44307",
					"path": [
						"Obezbedjenje",
						"DodajObezbedjenje"
					]
				}
			},
			"response": []
		},
		{
			"name": "Update Radnik Obezbeđenja",
			"request": {
				"method": "PUT",
				"header": [],
				"body": {
					"mode": "raw",
					"raw": "{\r\n    \"jmbg\": \"0604432621543\",\r\n    \"datumObukePPZ\": \"2021-07-19T00:00:00\",\r\n    \"dorvoSifra\": \"34HGB669JJ\",\r\n    \"dorvoPolicijskaUprava\": \"Policijska Stanica Savski Venac\",\r\n    \"dorvoDatumIzdavanja\": \"2021-07-19T00:00:00\"\r\n}",
					"options": {
						"raw": {
							"language": "json"
						}
					}
				},
				"url": {
					"raw": "https://localhost:44307/Obezbedjenje/IzmeniObezbedjenje",
					"protocol": "https",
					"host": [
						"localhost"
					],
					"port": "44307",
					"path": [
						"Obezbedjenje",
						"IzmeniObezbedjenje"
					]
				}
			},
			"response": []
		},
		{
			"name": "Obriši Radnik Obezbeđenja",
			"request": {
				"method": "DELETE",
				"header": [],
				"url": {
					"raw": "https://localhost:44307/Obezbedjenje/ObrisiObezbedjenje/0604432621543",
					"protocol": "https",
					"host": [
						"localhost"
					],
					"port": "44307",
					"path": [
						"Obezbedjenje",
						"ObrisiObezbedjenje",
						"0604432621543"
					]
				}
			},
			"response": []
		}
	]
}