{
	"info": {
		"_postman_id": "b975acd3-1d31-4105-8d90-e0bae07e0ef9",
		"name": "Termin Šetnje",
		"schema": "https://schema.getpostman.com/json/collection/v2.1.0/collection.json"
	},
	"item": [
		{
			"name": "Read Termine Šetnje",
			"request": {
				"method": "GET",
				"header": [],
				"url": {
					"raw": "https://localhost:44307/TerminSetnje/PreuzmiTerminSetnje",
					"protocol": "https",
					"host": [
						"localhost"
					],
					"port": "44307",
					"path": [
						"TerminSetnje",
						"PreuzmiTerminSetnje"
					]
				}
			},
			"response": []
		},
		{
			"name": "Read Termin Šetnje",
			"request": {
				"method": "GET",
				"header": [],
				"url": {
					"raw": "https://localhost:44307/TerminSetnje/PreuzmiTerminSetnje/1",
					"protocol": "https",
					"host": [
						"localhost"
					],
					"port": "44307",
					"path": [
						"TerminSetnje",
						"PreuzmiTerminSetnje",
						"1"
					]
				}
			},
			"response": []
		},
		{
			"name": "Create Termin Šetnje",
			"request": {
				"method": "POST",
				"header": [],
				"body": {
					"mode": "raw",
					"raw": "{\r\n    \"zatvorskaJedinica\": {\r\n        \"sifra\": \"AAC21\"\r\n    },\r\n    \"termin\": \"09:00 - 10:00h\"\r\n}",
					"options": {
						"raw": {
							"language": "json"
						}
					}
				},
				"url": {
					"raw": "https://localhost:44307/TerminSetnje/DodajTerminSetnje",
					"protocol": "https",
					"host": [
						"localhost"
					],
					"port": "44307",
					"path": [
						"TerminSetnje",
						"DodajTerminSetnje"
					]
				}
			},
			"response": []
		},
		{
			"name": "Update Termin Šetnje",
			"request": {
				"method": "PUT",
				"header": [],
				"body": {
					"mode": "raw",
					"raw": "{\r\n    \"id\": 42,\r\n    \"termin\": \"09:10 - 10:00h\"\r\n}",
					"options": {
						"raw": {
							"language": "json"
						}
					}
				},
				"url": {
					"raw": "https://localhost:44307/TerminSetnje/IzmeniTerminSetnje",
					"protocol": "https",
					"host": [
						"localhost"
					],
					"port": "44307",
					"path": [
						"TerminSetnje",
						"IzmeniTerminSetnje"
					]
				}
			},
			"response": []
		},
		{
			"name": "Delete Termin Šetnje",
			"request": {
				"method": "DELETE",
				"header": [],
				"url": {
					"raw": "https://localhost:44307/TerminSetnje/ObrisiTerminSetnje/42",
					"protocol": "https",
					"host": [
						"localhost"
					],
					"port": "44307",
					"path": [
						"TerminSetnje",
						"ObrisiTerminSetnje",
						"42"
					]
				}
			},
			"response": []
		}
	]
}