{
	"info": {
		"_postman_id": "c995e794-ac83-45ea-854f-9702e9c3e871",
		"name": "Zaposleni",
		"schema": "https://schema.getpostman.com/json/collection/v2.1.0/collection.json"
	},
	"item": [
		{
			"name": "Read Zaposlene",
			"request": {
				"method": "GET",
				"header": [],
				"url": {
					"raw": "https://localhost:44307/Zaposleni/PreuzmiZaposlene",
					"protocol": "https",
					"host": [
						"localhost"
					],
					"port": "44307",
					"path": [
						"Zaposleni",
						"PreuzmiZaposlene"
					]
				}
			},
			"response": []
		},
		{
			"name": "Read Zaposlenog",
			"request": {
				"method": "GET",
				"header": [],
				"url": {
					"raw": "https://localhost:44307/Zaposleni/PreuzmiZaposlenog/2809965327690",
					"protocol": "https",
					"host": [
						"localhost"
					],
					"port": "44307",
					"path": [
						"Zaposleni",
						"PreuzmiZaposlenog",
						"2809965327690"
					]
				}
			},
			"response": []
		},
		{
			"name": "New Request",
			"request": {
				"method": "POST",
				"header": [],
				"body": {
					"mode": "raw",
					"raw": "",
					"options": {
						"raw": {
							"language": "json"
						}
					}
				},
				"url": {
					"raw": "https://localhost:44307/Zaposleni/DodajZaposlenog",
					"protocol": "https",
					"host": [
						"localhost"
					],
					"port": "44307",
					"path": [
						"Zaposleni",
						"DodajZaposlenog"
					]
				}
			},
			"response": []
		},
		{
			"name": "New Request",
			"request": {
				"method": "PUT",
				"header": [],
				"body": {
					"mode": "raw",
					"raw": "",
					"options": {
						"raw": {
							"language": "json"
						}
					}
				},
				"url": {
					"raw": "https://localhost:44307/Zaposleni/IzmeniZaposlenog",
					"protocol": "https",
					"host": [
						"localhost"
					],
					"port": "44307",
					"path": [
						"Zaposleni",
						"IzmeniZaposlenog"
					]
				}
			},
			"response": []
		},
		{
			"name": "New Request",
			"request": {
				"method": "DELETE",
				"header": [],
				"url": {
					"raw": "https://localhost:44307/Zaposleni/ObrisiZaposlenog/",
					"protocol": "https",
					"host": [
						"localhost"
					],
					"port": "44307",
					"path": [
						"Zaposleni",
						"ObrisiZaposlenog",
						""
					]
				}
			},
			"response": []
		}
	]
}