{
	"info": {
		"_postman_id": "670a5c4e-35f3-4b58-a08f-3e8acf30536f",
		"name": "Ćelijski Period",
		"schema": "https://schema.getpostman.com/json/collection/v2.1.0/collection.json"
	},
	"item": [
		{
			"name": "Read Ćelijske Periode",
			"request": {
				"method": "GET",
				"header": [],
				"url": {
					"raw": "https://localhost:44307/CelijskiPeriod/PreuzmiCelijskePeriode",
					"protocol": "https",
					"host": [
						"localhost"
					],
					"port": "44307",
					"path": [
						"CelijskiPeriod",
						"PreuzmiCelijskePeriode"
					]
				}
			},
			"response": []
		},
		{
			"name": "Read Ćelijski Period",
			"request": {
				"method": "GET",
				"header": [],
				"url": {
					"raw": "https://localhost:44307/CelijskiPeriod/PreuzmiCelijskiPeriod/27",
					"protocol": "https",
					"host": [
						"localhost"
					],
					"port": "44307",
					"path": [
						"CelijskiPeriod",
						"PreuzmiCelijskiPeriod",
						"27"
					]
				}
			},
			"response": []
		},
		{
			"name": "Create Ćelijski Period",
			"request": {
				"method": "POST",
				"header": [],
				"body": {
					"mode": "raw",
					"raw": "{\r\n    \"zatvorskaJedinica\": {\r\n        \"sifra\": \"AAA21\"\r\n    },\r\n    \"period\": \"13:00 - 14:00h\"\r\n}",
					"options": {
						"raw": {
							"language": "json"
						}
					}
				},
				"url": {
					"raw": "https://localhost:44307/CelijskiPeriod/DodajCelijskiPeriod",
					"protocol": "https",
					"host": [
						"localhost"
					],
					"port": "44307",
					"path": [
						"CelijskiPeriod",
						"DodajCelijskiPeriod"
					]
				}
			},
			"response": []
		},
		{
			"name": "Update Ćelijski Period",
			"request": {
				"method": "PUT",
				"header": [],
				"body": {
					"mode": "raw",
					"raw": "{\r\n   \"id\": 41,\r\n   \"period\": \"16:00 - 17:05 h\"\r\n}",
					"options": {
						"raw": {
							"language": "json"
						}
					}
				},
				"url": {
					"raw": "https://localhost:44307/CelijskiPeriod/IzmeniCelijskiPeriod",
					"protocol": "https",
					"host": [
						"localhost"
					],
					"port": "44307",
					"path": [
						"CelijskiPeriod",
						"IzmeniCelijskiPeriod"
					]
				}
			},
			"response": []
		},
		{
			"name": "Delete Ćelijski Period",
			"request": {
				"method": "DELETE",
				"header": [],
				"url": {
					"raw": "https://localhost:44307/CelijskiPeriod/ObrisiCelijskiPeriod/41",
					"protocol": "https",
					"host": [
						"localhost"
					],
					"port": "44307",
					"path": [
						"CelijskiPeriod",
						"ObrisiCelijskiPeriod",
						"41"
					]
				}
			},
			"response": []
		}
	]
}